proxy,type,working,latency,country,region,city,continent,lat,lon
16.62.48.122:3128,http,true,421.00,CH,Zurich,Zurich,Europe,47.364300,8.543700
176.126.103.194:44214,http,true,418.00,RU,Moscow,Moscow,Europe,55.748400,37.617500
3.10.207.94:8000,http,true,404.00,GB,England,London,Europe,51.516400,-0.093000
38.147.98.190:8080,http,true,604.00,US,Texas,Corsicana,North America,32.090500,-96.471000
18.61.87.35:4263,http,true,680.00,IN,Telangana,Hyderabad,Asia,17.384300,78.458300
34.219.126.154:50362,http,true,709.00,US,Oregon,Boardman,North America,45.840100,-119.705000
40.76.69.94:8080,http,true,691.00,US,Virginia,Washington,North America,38.709500,-78.153900
134.209.29.120:3128,http,true,438.00,GB,England,Slough,Europe,51.517700,-0.621500
47.91.65.23:3128,http,true,436.00,DE,Hesse,Frankfurt am Main,Europe,50.116900,8.683700
35.179.146.181:19024,http,true,401.00,GB,England,London,Europe,51.516400,-0.093000
3.8.126.215:3128,http,true,482.00,GB,England,London,Europe,51.516400,-0.093000
198.199.86.11:80,http,true,492.00,US,New Jersey,North Bergen,North America,40.796400,-74.020300
78.157.48.221:1080,http,true,475.00,IR,,,Asia,35.698000,51.411500
15.237.40.19:3128,http,true,497.00,FR,Île-de-France,Paris,Europe,48.855800,2.349400
3.10.224.238:3128,http,true,507.00,GB,England,London,Europe,51.516400,-0.093000
152.53.166.49:8888,http,true,512.00,AT,,,Europe,48.204800,16.380100
209.97.150.167:3128,http,true,520.00,US,New Jersey,Clifton,North America,40.836400,-74.140300
157.175.43.33:3128,http,true,536.00,BH,Southern Governorate,,Asia,26.122600,50.555700
18.188.141.177:3128,http,true,537.00,US,Ohio,Columbus,North America,39.962500,-83.006100
74.82.50.155:3128,http,true,760.00,US,,,North America,37.751000,-97.822000
128.199.202.122:8080,http,true,767.00,SG,,Singapore,Asia,1.314000,103.683900
3.29.67.201:3128,http,true,838.00,AE,Dubai,Dubai,Asia,25.073400,55.297900
93.190.138.107:46182,http,true,958.00,NL,South Holland,Naaldwijk,Europe,51.996800,4.205700
157.175.163.22:3128,http,true,645.00,BH,Southern Governorate,,Asia,26.122600,50.555700
34.41.115.197:3128,http,true,645.00,US,Iowa,Council Bluffs,North America,41.259100,-95.851700
13.211.58.248:3128,http,true,1072.00,AU,New South Wales,Sydney,Oceania,-33.867200,151.199700
16.26.99.184:3128,http,true,1094.00,AU,Victoria,Melbourne,Oceania,-37.815900,144.966900
138.68.60.8:3128,http,true,651.00,US,California,Santa Clara,North America,37.348600,-121.973200
52.78.241.34:20134,http,true,1085.00,KR,Incheon,Incheon,Asia,37.458500,126.701500
13.212.217.108:8000,http,true,1132.00,SG,,Singapore,Asia,1.287200,103.850700
147.75.49.154:9400,http,true,678.00,US,California,San Jose,North America,37.338800,-121.891600
139.59.1.14:8080,http,true,669.00,IN,Karnataka,Bengaluru,Asia,12.975300,77.591000
18.61.87.35:3128,http,true,687.00,IN,Telangana,Hyderabad,Asia,17.384300,78.458300
3.101.76.84:18242,http,true,685.00,US,California,San Jose,North America,37.338800,-121.891600
13.57.11.118:3128,http,true,629.00,US,California,San Jose,North America,37.338800,-121.891600
51.84.110.224:3128,http,true,645.00,IL,Tel Aviv,Tel Aviv,Asia,32.080400,34.780700
182.253.109.26:8080,http,true,694.00,ID,West Java,Bandung,Asia,-6.920200,107.608400
159.203.61.169:8080,http,true,518.00,CA,Ontario,Toronto,North America,43.709000,-79.405700
43.130.146.142:10811,http,true,701.00,US,Virginia,Ashburn,North America,39.046900,-77.490300
124.108.6.20:8085,http,true,653.00,KH,,,Asia,13.000000,105.000000
43.217.134.23:3128,http,true,789.00,MY,Kuala Lumpur,Kuala Lumpur,Asia,3.140800,101.685200
18.228.191.229:3128,http,true,848.00,BR,São Paulo,São Paulo,South America,-23.547500,-46.636100
8.213.151.128:3128,http,true,912.00,KR,Seoul,Seoul,Asia,37.565800,126.978000
65.2.181.188:3128,http,true,984.00,IN,Maharashtra,Mumbai,Asia,19.074800,72.885600
193.151.141.17:8080,http,true,941.00,IR,,,Asia,35.698000,51.411500
15.168.14.236:3128,http,true,1000.00,JP,Osaka,Osaka,Asia,34.693000,135.500500
54.180.239.137:6679,http,true,1002.00,KR,Incheon,Incheon,Asia,37.458500,126.701500
54.180.239.137:28136,http,true,1001.00,KR,Incheon,Incheon,Asia,37.458500,126.701500
35.177.23.165:11832,http,true,1012.00,GB,England,London,Europe,51.516400,-0.093000
161.35.70.249:8080,http,true,1020.00,DE,Hesse,Frankfurt am Main,Europe,50.116900,8.683700
8.222.17.214:1080,http,true,999.00,PH,Metro Manila,Manila,Asia,14.597100,120.979800
52.193.148.177:3128,http,true,1032.00,JP,Tokyo,Tokyo,Asia,35.689300,139.689900
47.236.37.129:18081,http,true,1024.00,SG,,,Asia,1.366700,103.800000
43.203.248.231:3128,http,true,1045.00,KR,Incheon,Incheon,Asia,37.458500,126.701500
57.180.55.43:3128,http,true,1047.00,JP,Tokyo,Tokyo,Asia,35.689300,139.689900
57.180.21.176:3128,http,true,1056.00,JP,Tokyo,Tokyo,Asia,35.689300,139.689900
3.35.14.129:8060,http,true,1056.00,KR,Incheon,Incheon,Asia,37.458500,126.701500
157.175.205.173:3128,http,true,1060.00,BH,Southern Governorate,,Asia,26.122600,50.555700
43.198.152.3:3128,http,true,1078.00,HK,,Hong Kong,Asia,22.284200,114.175900
147.75.49.154:9401,http,true,1147.00,US,California,San Jose,North America,37.338800,-121.891600
43.218.138.81:3128,http,true,1165.00,ID,Jakarta,Jakarta,Asia,-6.220800,106.840300
52.12.84.86:3128,http,true,1196.00,US,Oregon,Boardman,North America,45.840100,-119.705000
47.91.104.88:3128,http,true,1180.00,AE,Dubai,Dubai,Asia,25.073400,55.297900
47.89.184.18:3128,http,true,1388.00,US,Virginia,,North America,38.687900,-77.297800
37.27.253.44:8037,http,true,711.00,FI,Uusimaa,Helsinki,Europe,60.171900,24.934700
80.110.46.203:13001,http,true,1518.00,AT,Vienna,Vienna,Europe,48.153500,16.385500
8.209.255.13:3128,http,true,1556.00,JP,Tokyo,Tokyo,Asia,35.689300,139.689900
23.157.88.25:1080,http,true,1554.00,DE,Hesse,Frankfurt am Main,Europe,50.104900,8.629500
38.180.82.210:8080,http,true,1610.00,US,Illinois,Chicago,North America,41.883500,-87.630500
43.216.75.140:42761,http,true,1621.00,MY,Kuala Lumpur,Kuala Lumpur,Asia,3.140800,101.685200
117.36.76.86:8085,http,true,510.00,CN,Shaanxi,Xi'an,Asia,34.263500,108.924600
218.2.112.243:80,http,true,1651.00,CN,,,Asia,34.773200,113.722000
125.116.63.60:8085,http,true,569.00,CN,Zhejiang,Ningbo,Asia,29.879700,121.551300
123.154.118.87:8085,http,true,599.00,CN,,,Asia,34.773200,113.722000
3.27.237.252:3128,http,true,1717.00,AU,New South Wales,Sydney,Oceania,-33.867200,151.199700
200.174.198.86:8888,http,true,1743.00,BR,São Paulo,Sorocaba,South America,-23.473600,-47.442500
43.217.143.220:58080,http,true,1859.00,MY,Kuala Lumpur,Kuala Lumpur,Asia,3.140800,101.685200
115.72.1.170:10024,http,true,761.00,VN,Bà Rịa–Vũng Tàu Province,Vũng Tàu,Asia,10.344400,107.087500
194.147.35.134:52120,http,true,1917.00,RU,,,Europe,55.738600,37.606800
27.74.219.51:30453,http,true,2038.00,VN,Đồng Nai Province,Biên Hòa,Asia,10.941300,106.822100
77.105.137.42:8080,http,true,2144.00,NL,,,Europe,52.382400,4.899500
116.204.125.148:10809,http,true,1338.00,CN,Beijing,Beijing,Asia,39.911000,116.395000
37.27.253.44:8026,http,true,1708.00,FI,Uusimaa,Helsinki,Europe,60.171900,24.934700
47.237.113.119:8081,http,true,2561.00,SG,,,Asia,1.366700,103.800000
114.80.37.192:3081,http,true,1487.00,CN,Shanghai,Shanghai,Asia,31.222200,121.458100
116.106.176.253:12027,http,true,2695.00,VN,Đồng Nai Province,Biên Hòa,Asia,10.941300,106.822100
43.216.148.22:37425,http,true,2819.00,MY,Kuala Lumpur,Kuala Lumpur,Asia,3.140800,101.685200
116.204.32.223:10809,http,true,1871.00,CN,Beijing,Beijing,Asia,39.911000,116.395000
187.111.144.102:8080,http,true,3321.00,BR,Rio Grande do Sul,São Sebastião do Caí,South America,-29.590900,-51.350800
8.212.151.166:18081,http,true,2559.00,PH,Metro Manila,Manila,Asia,14.597100,120.979800
47.238.128.246:8888,http,true,3726.00,HK,,Hong Kong,Asia,22.284200,114.175900
8.219.229.53:20,http,true,2684.00,SG,,,Asia,1.366700,103.800000
47.238.128.246:8181,http,true,3814.00,HK,,Hong Kong,Asia,22.284200,114.175900
47.238.128.246:4002,http,true,3854.00,HK,,Hong Kong,Asia,22.284200,114.175900
27.79.231.116:16000,http,true,3939.00,VN,Hanoi,Hanoi,Asia,21.018400,105.846100
8.215.15.163:6379,http,true,3093.00,ID,Jakarta,Jakarta,Asia,-6.220800,106.840300
118.69.111.112:8080,http,true,3465.00,VN,,,Asia,16.166700,107.833300
119.53.27.131:8085,http,true,3697.00,CN,,,Asia,34.773200,113.722000
27.76.9.187:10001,http,true,4803.00,VN,Hanoi,Hanoi,Asia,21.018400,105.846100
31.211.69.52:3128,http,true,4988.00,RU,Tomsk Oblast,Tomsk,Europe,56.495700,84.963600
119.252.173.26:8080,http,true,3979.00,ID,,,Asia,-6.175000,106.828600
147.75.34.105:443,http,true,5138.00,NL,North Holland,Amsterdam,Europe,52.375900,4.897500
119.18.149.9:5020,http,true,4224.00,BD,,,Asia,23.701800,90.374200
147.45.178.211:14658,http,true,5549.00,DE,Hesse,Frankfurt am Main,Europe,50.116900,8.683700
27.79.243.21:16000,http,true,5876.00,VN,Hanoi,Hanoi,Asia,21.018400,105.846100
105.225.53.124:3128,http,true,5993.00,ZA,North West,Hartbeespoort,Africa,-25.730200,27.851300
27.79.247.67:16000,http,true,6545.00,VN,Hanoi,Hanoi,Asia,21.018400,105.846100
117.161.170.163:9034,http,true,5581.00,CN,,,Asia,34.773200,113.722000
175.178.136.39:8080,http,true,6743.00,CN,,,Asia,34.773200,113.722000
115.72.1.170:10027,http,true,6721.00,VN,Bà Rịa–Vũng Tàu Province,Vũng Tàu,Asia,10.344400,107.087500
47.243.92.199:3128,http,true,6066.00,HK,,Hong Kong,Asia,22.284200,114.175900
177.234.217.82:999,http,true,7808.00,EC,Pichincha,Quito,South America,-0.230900,-78.521100
188.132.222.19:8080,http,true,8093.00,TR,Hatay,Antakya,Asia,36.207300,36.161900
27.79.183.5:16000,http,true,8231.00,VN,Hanoi,Hanoi,Asia,21.018400,105.846100
42.117.168.116:16000,http,true,8288.00,VN,Ho Chi Minh,Quận Mười,Asia,10.760900,106.663300
1.52.196.3:16000,http,true,8277.00,VN,Hanoi,Hanoi,Asia,21.018400,105.846100
46.55.143.145:8080,http,true,8611.00,BG,Kardzhali,Kardzhali,Europe,41.643900,25.359400
113.44.168.202:8084,http,true,8009.00,CN,Beijing,Beijing,Asia,39.911000,116.395000
103.195.252.2:83,http,true,9149.00,IN,Jharkhand,Ranchi,Asia,23.342600,85.309900
85.117.61.70:8080,http,true,8582.00,GE,Kvemo Kartli,Marneuli,Asia,41.480900,44.807200
115.72.1.170:10016,http,true,9033.00,VN,Bà Rịa–Vũng Tàu Province,Vũng Tàu,Asia,10.344400,107.087500
27.79.194.137:16000,http,true,10177.00,VN,Hanoi,Hanoi,Asia,21.018400,105.846100
72.10.164.178:2173,http,true,9992.00,CA,,,North America,43.631900,-79.371600
59.98.3.132:8042,http,true,11380.00,IN,Tamil Nadu,,Asia,11.734200,78.956600
75.119.141.8:7788,http,true,10629.00,DE,North Rhine-Westphalia,Düsseldorf,Europe,51.186400,6.862400
115.72.1.170:10015,http,true,11898.00,VN,Bà Rịa–Vũng Tàu Province,Vũng Tàu,Asia,10.344400,107.087500
113.192.31.19:8090,http,true,12005.00,ID,Jakarta,Duren Tiga,Asia,-6.257400,106.845300
103.155.197.179:8282,http,true,13115.00,ID,West Java,Sukabumi,Asia,-6.909200,106.922900
103.188.168.86:8080,http,true,14690.00,ID,,,Asia,-6.175000,106.828600
103.85.114.249:8080,http,true,14925.00,BD,,,Asia,23.701800,90.374200
77.238.79.111:8080,http,true,15343.00,BG,Sofia-Capital,Sofia,Europe,42.682600,23.322300
177.107.30.198:61804,http,true,19696.00,BR,Piauí,Teresina,South America,-5.305100,-42.850200
38.56.70.75:999,http,true,21483.00,DO,Santo Domingo Province,Santo Domingo Este,North America,18.462900,-69.833200
14.186.61.187:10002,http,true,20720.00,VN,Ho Chi Minh,Ho Chi Minh City,Asia,10.822000,106.625700
115.72.1.170:10018,http,true,20932.00,VN,Bà Rịa–Vũng Tàu Province,Vũng Tàu,Asia,10.344400,107.087500
47.89.159.212:93,http,true,23314.00,US,Virginia,,North America,38.687900,-77.297800
47.89.159.212:1081,http,true,23304.00,US,Virginia,,North America,38.687900,-77.297800
47.89.159.212:137,http,true,23314.00,US,Virginia,,North America,38.687900,-77.297800
47.89.159.212:6379,http,true,23277.00,US,Virginia,,North America,38.687900,-77.297800
47.89.159.212:13,http,true,23282.00,US,Virginia,,North America,38.687900,-77.297800
47.89.159.212:8080,http,true,23279.00,US,Virginia,,North America,38.687900,-77.297800
38.250.126.201:999,http,true,23390.00,CL,Santiago Metropolitan,Santiago,South America,-33.452100,-70.653600
115.72.1.170:10019,http,true,22435.00,VN,Bà Rịa–Vũng Tàu Province,Vũng Tàu,Asia,10.344400,107.087500
181.209.82.203:999,http,true,24514.00,AR,Entre Rios,Caseros,South America,-32.465100,-58.480700
27.147.235.75:8080,http,true,25395.00,BD,Sylhet Division,Sylhet,Asia,24.932800,91.873900
103.156.86.129:8080,http,true,25120.00,ID,,,Asia,-6.175000,106.828600
125.27.24.41:8080,http,true,26835.00,TH,Nakhon Pathom,Nakhon Pathom,Asia,13.866700,100.191700
198.244.189.216:1111,http,true,32385.00,GB,England,London,Europe,51.508100,-0.127800
